{
"lengthUnit": "mil",
"components": {
	"fields": ["COMPONENT_NO", "COMPONENT_NAME", "LAYER", "X_COORDINATE", "Y_COORDINATE", "ANGLE"],
	"rows": [
		[1, "C0", "T", 2330, -4735, 0],
		[2, "CN1", "T", 190, -4650, 0],
		[3, "D2", "T", 1865, -4505, 0],
		[4, "D3", "T", 2070, -4505, 180],
		[5, "D5", "T", 1650, -4545, 270],
		[6, "D6", "T", -485, -5380, 0],
		[7, "D7", "T", -540, -5075, 180],
		[8, "D8", "T", -580, -5990, 270],
		[9, "FAN", "T", 3045, -4775, 180],
		[10, "L1", "T", 2315, -6395, 90],
		[11, "LED1", "T", 2795, -4690, 0],
		[12, "Q1", "T", 2320, -5705, 180],
		[13, "Q2", "T", 2320, -5340, 0],
		[14, "Q3", "T", 1435, -4660, 270],
		[15, "Q4", "T", -575, -6405, 180],
		[16, "R1", "T", 1870, -4645, 0],
		[17, "R2", "T", 1865, -4780, 180],
		[18, "R4", "T", 2255, -4505, 180],
		[19, "R12", "T", 1230, -4810, 0],
		[20, "R13", "T", 1225, -4730, 180],
		[21, "R14", "T", 695, -4595, 0],
		[22, "R15", "T", -415, -6010, 90],
		[23, "R16", "T", -525, -6310, 180],
		[24, "R17", "T", -580, -6180, 0],
		[25, "R18", "T", -115, -5670, 270],
		[26, "R19", "T", -490, -5660, 90],
		[27, "R20", "T", 955, -4505, 0],
		[28, "R21", "T", -450, -4915, 90],
		[29, "R22", "T", 30, -6400, 180],
		[30, "T1", "T", 965, -5745, 90],
		[31, "U2", "T", 900, -4755, 270],
		[32, "U3", "T", 2320, -5900, 180],
		[33, "U4", "T", 2320, -5145, 0],
		[34, "U6", "T", -15, -6560, 270],
		[35, "U7", "T", -330, -6475, 0]
	]
},
"pins": {
	"fields": ["PIN_NO", "PIN_NAME", "PIN_X", "PIN_Y", "LAYER", "PIN_TYPE", "NET_NAME", "NET_TYPE", "PAD_SHAPE", "PAD_SIZEX", "PAD_SIZEY", "HOLE_SIZE", "PAD_ANGLE"],
	"rows": [
		[1, "C0_1", 2034.72, -4735, "T", "DIP", "$1N2003", "", "C", 82.68, 82.68, 47.24, 0],
		[2, "C0_1", 2034.72, -4735, "B", "DIP", "$1N2003", "", "C", 82.68, 82.68, 47.24, 0],
		[3, "C0_2", 2625.28, -4735, "T", "DIP", "$1N2002", "", "C", 82.68, 82.68, 47.24, 0],
		[4, "C0_2", 2625.28, -4735, "B", "DIP", "$1N2002", "", "C", 82.68, 82.68, 47.24, 0],
		[5, "CN1_1", 490, -4650, "T", "DIP", "12V", "", "R", 94.49, 94.49, 62.01, 180],
		[6, "CN1_1", 490, -4650, "B", "DIP", "12V", "", "R", 94.49, 94.49, 62.01, 180],
		[7, "CN1_2", 290, -4650, "T", "DIP", "ZVS_CTRL", "", "C", 94.49, 94.49, 62.01, 180],
		[8, "CN1_2", 290, -4650, "B", "DIP", "ZVS_CTRL", "", "C", 94.49, 94.49, 62.01, 180],
		[9, "CN1_3", 90, -4650, "T", "DIP", "ZVS_OUT", "", "C", 94.49, 94.49, 62.01, 180],
		[10, "CN1_3", 90, -4650, "B", "DIP", "ZVS_OUT", "", "C", 94.49, 94.49, 62.01, 180],
		[11, "CN1_4", -110, -4650, "T", "DIP", "GND", "GND", "C", 94.49, 94.49, 62.01, 180],
		[12, "CN1_4", -110, -4650, "B", "DIP", "GND", "GND", "C", 94.49, 94.49, 62.01, 180],
		[13, "D2_1", 1796.69, -4505, "T", "SMD", "$1N2002", "", "R", 55.12, 47.24, 0, 0],
		[14, "D2_2", 1933.31, -4505, "T", "SMD", "$1N2004", "", "R", 55.12, 47.24, 0, 0],
		[15, "D3_1", 2138.31, -4505, "T", "SMD", "$1N2003", "", "R", 55.12, 47.24, 0, 180],
		[16, "D3_2", 2001.69, -4505, "T", "SMD", "$1N2005", "", "R", 55.12, 47.24, 0, 180],
		[17, "D5_1", 1650, -4481.61, "T", "SMD", "ZVS_GND", "", "R", 34.65, 37.8, 0, 90],
		[18, "D5_2", 1650, -4608.39, "T", "SMD", "12V", "", "R", 34.65, 37.8, 0, 90],
		[19, "D6_1", -585.4, -5553.62, "T", "SMD", "ZVS_OUT", "", "R", 59.25, 97.24, 0, 180],
		[20, "D6_2", -384.61, -5553.62, "T", "SMD", "GNDOUT", "", "R", 59.25, 97.24, 0, 180],
		[21, "D6_3", -384.61, -5206.38, "T", "SMD", "$1N5608", "", "R", 59.25, 97.24, 0, 180],
		[22, "D6_4", -585.39, -5206.38, "T", "SMD", "$1N5594", "", "R", 59.25, 97.24, 0, 180],
		[23, "D7_1", -473.37, -5075, "T", "SMD", "$1N7515", "", "R", 37.4, 45.28, 0, 180],
		[24, "D7_2", -606.63, -5075, "T", "SMD", "GND", "GND", "R", 37.4, 45.28, 0, 180],
		[25, "D8_1", -580, -5923.37, "T", "SMD", "$1N6394", "", "R", 37.4, 45.28, 0, 270],
		[26, "D8_2", -580, -6056.63, "T", "SMD", "$1N6234", "", "R", 37.4, 45.28, 0, 270],
		[27, "FAN_1", 3094.21, -4775, "T", "DIP", "ZVS_GND", "", "R", 70.87, 70.87, 43.31, 180],
		[28, "FAN_1", 3094.21, -4775, "B", "DIP", "ZVS_GND", "", "R", 70.87, 70.87, 43.31, 180],
		[29, "FAN_2", 2995.79, -4775, "T", "DIP", "12V", "", "C", 70.87, 70.87, 43.31, 180],
		[30, "FAN_2", 2995.79, -4775, "B", "DIP", "12V", "", "C", 70.87, 70.87, 43.31, 180],
		[31, "L1_1", 2315, -6591.85, "T", "DIP", "12V", "", "C", 70.87, 70.87, 43.31, 90],
		[32, "L1_1", 2315, -6591.85, "B", "DIP", "12V", "", "C", 70.87, 70.87, 43.31, 90],
		[33, "L1_2", 2315, -6198.15, "T", "DIP", "$1N2006", "", "C", 70.87, 70.87, 43.31, 90],
		[34, "L1_2", 2315, -6198.15, "B", "DIP", "$1N2006", "", "C", 70.87, 70.87, 43.31, 90],
		[35, "LED1_1", 2745, -4690, "T", "DIP", "$1N2007", "", "C", 60, 60, 36, 0],
		[36, "LED1_1", 2745, -4690, "B", "DIP", "$1N2007", "", "C", 60, 60, 36, 0],
		[37, "LED1_2", 2845, -4690, "T", "DIP", "ZVS_GND", "", "C", 60, 60, 36, 0],
		[38, "LED1_2", 2845, -4690, "B", "DIP", "ZVS_GND", "", "C", 60, 60, 36, 0],
		[39, "Q1_1", 2534.58, -5705, "T", "DIP", "$1N2005", "", "R", 114.17, 114.17, 70.28, 180],
		[40, "Q1_1", 2534.58, -5705, "B", "DIP", "$1N2005", "", "R", 114.17, 114.17, 70.28, 180],
		[41, "Q1_2", 2319.99, -5705, "T", "DIP", "$1N2002", "", "C", 114.17, 114.17, 66.93, 180],
		[42, "Q1_2", 2319.99, -5705, "B", "DIP", "$1N2002", "", "C", 114.17, 114.17, 66.93, 180],
		[43, "Q1_3", 2105.42, -5705, "T", "DIP", "ZVS_GND", "", "C", 114.17, 114.17, 66.93, 180],
		[44, "Q1_3", 2105.42, -5705, "B", "DIP", "ZVS_GND", "", "C", 114.17, 114.17, 66.93, 180],
		[45, "Q2_1", 2105.42, -5340, "T", "DIP", "$1N2004", "", "R", 114.17, 114.17, 70.28, 0],
		[46, "Q2_1", 2105.42, -5340, "B", "DIP", "$1N2004", "", "R", 114.17, 114.17, 70.28, 0],
		[47, "Q2_2", 2320.01, -5340, "T", "DIP", "$1N2003", "", "C", 114.17, 114.17, 66.93, 0],
		[48, "Q2_2", 2320.01, -5340, "B", "DIP", "$1N2003", "", "C", 114.17, 114.17, 66.93, 0],
		[49, "Q2_3", 2534.58, -5340, "T", "DIP", "ZVS_GND", "", "C", 114.17, 114.17, 66.93, 0],
		[50, "Q2_3", 2534.58, -5340, "B", "DIP", "ZVS_GND", "", "C", 114.17, 114.17, 66.93, 0],
		[51, "Q3_1", 1344.84, -4794.79, "T", "SMD", "$1N2020", "", "R", 94.84, 38.53, 0, 270],
		[52, "Q3_2", 1435, -4525.21, "T", "SMD", "ZVS_GND", "", "R", 224.84, 218.44, 0, 270],
		[53, "Q3_3", 1525.16, -4794.78, "T", "SMD", "GND", "GND", "R", 94.84, 38.53, 0, 270],
		[54, "Q4_1", -614.37, -6367.6, "T", "SMD", "$1N5550", "", "R", 49.21, 27.56, 0, 180],
		[55, "Q4_2", -614.37, -6442.4, "T", "SMD", "GND", "GND", "R", 49.21, 27.56, 0, 180],
		[56, "Q4_3", -535.63, -6405, "T", "SMD", "$1N5388", "", "R", 49.21, 27.56, 0, 180],
		[57, "R1_1", 1811.78, -4645, "T", "SMD", "12V", "", "R", 47.54, 66.97, 0, 0],
		[58, "R1_2", 1928.22, -4645, "T", "SMD", "$1N2004", "", "R", 47.54, 66.97, 0, 0],
		[59, "R2_1", 1923.22, -4780, "T", "SMD", "12V", "", "R", 47.54, 66.97, 0, 180],
		[60, "R2_2", 1806.78, -4780, "T", "SMD", "$1N2005", "", "R", 47.54, 66.97, 0, 180],
		[61, "R4_1", 2294.37, -4505, "T", "SMD", "$1N2007", "", "R", 44.59, 54.21, 0, 180],
		[62, "R4_2", 2215.63, -4505, "T", "SMD", "12V", "", "R", 44.59, 54.21, 0, 180],
		[63, "R12_1", 1200.34, -4810, "T", "SMD", "$1N2019", "", "R", 31.75, 34.02, 0, 0],
		[64, "R12_2", 1259.66, -4810, "T", "SMD", "$1N2020", "", "R", 31.75, 34.02, 0, 0],
		[65, "R13_1", 1254.66, -4730, "T", "SMD", "GND", "GND", "R", 31.75, 34.02, 0, 180],
		[66, "R13_2", 1195.34, -4730, "T", "SMD", "$1N2020", "", "R", 31.75, 34.02, 0, 180],
		[67, "R14_1", 665.34, -4595, "T", "SMD", "ZVS_CTRL", "", "R", 31.75, 34.02, 0, 0],
		[68, "R14_2", 724.66, -4595, "T", "SMD", "$1N2022", "", "R", 31.75, 34.02, 0, 0],
		[69, "R15_1", -415, -6305.27, "T", "DIP", "$1N5388", "", "C", 70.87, 70.87, 39.37, 90],
		[70, "R15_1", -415, -6305.27, "B", "DIP", "$1N5388", "", "C", 70.87, 70.87, 39.37, 90],
		[71, "R15_2", -415, -5714.72, "T", "DIP", "GNDOUT", "", "C", 70.87, 70.87, 39.37, 90],
		[72, "R15_2", -415, -5714.72, "B", "DIP", "GNDOUT", "", "C", 70.87, 70.87, 39.37, 90],
		[73, "R16_1", -495.34, -6310, "T", "SMD", "$1N5546", "", "R", 31.75, 34.02, 0, 180],
		[74, "R16_2", -554.66, -6310, "T", "SMD", "$1N5550", "", "R", 31.75, 34.02, 0, 180],
		[75, "R17_1", -609.66, -6180, "T", "SMD", "GND", "GND", "R", 31.75, 34.02, 0, 0],
		[76, "R17_2", -550.34, -6180, "T", "SMD", "$1N5550", "", "R", 31.75, 34.02, 0, 0],
		[77, "R18_1", -115, -4941.65, "T", "DIP", "GND", "GND", "C", 98.42, 98.42, 39.37, 270],
		[78, "R18_1", -115, -4941.65, "B", "DIP", "GND", "GND", "C", 98.42, 98.42, 39.37, 270],
		[79, "R18_2", -115, -6398.35, "T", "DIP", "GNDOUT", "", "C", 98.42, 98.42, 39.37, 270],
		[80, "R18_2", -115, -6398.35, "B", "DIP", "GNDOUT", "", "C", 98.42, 98.42, 39.37, 270],
		[81, "R19_1", -490, -5689.66, "T", "SMD", "$1N6234", "", "R", 31.75, 34.02, 0, 90],
		[82, "R19_2", -490, -5630.34, "T", "SMD", "$1N6240", "", "R", 31.75, 34.02, 0, 90],
		[83, "R20_1", 854.61, -4505, "T", "DIP", "$1N6240", "", "C", 74.8, 74.8, 35.43, 0],
		[84, "R20_1", 854.61, -4505, "B", "DIP", "$1N6240", "", "C", 74.8, 74.8, 35.43, 0],
		[85, "R20_2", 954.61, -4505, "T", "DIP", "$1N6394", "", "C", 74.8, 74.8, 35.43, 0],
		[86, "R20_2", 954.61, -4505, "B", "DIP", "$1N6394", "", "C", 74.8, 74.8, 35.43, 0],
		[87, "R20_3", 1055.39, -4505, "T", "DIP", "12V", "", "C", 74.8, 74.8, 35.43, 0],
		[88, "R20_3", 1055.39, -4505, "B", "DIP", "12V", "", "C", 74.8, 74.8, 35.43, 0],
		[89, "R21_1", -548.42, -4915, "T", "DIP", "GND", "GND", "C", 60, 60, 30, 0],
		[90, "R21_1", -548.42, -4915, "B", "DIP", "GND", "GND", "C", 60, 60, 30, 0],
		[91, "R21_2", -450, -4915, "T", "DIP", "$1N7515", "", "C", 60, 60, 30, 0],
		[92, "R21_2", -450, -4915, "B", "DIP", "$1N7515", "", "C", 60, 60, 30, 0],
		[93, "R21_3", -351.58, -4915, "T", "DIP", "$1N7525", "", "C", 60, 60, 30, 0],
		[94, "R21_3", -351.58, -4915, "B", "DIP", "$1N7525", "", "C", 60, 60, 30, 0],
		[95, "R22_1", 59.66, -6400, "T", "SMD", "$1N7525", "", "R", 31.75, 34.02, 0, 180],
		[96, "R22_2", 0.34, -6400, "T", "SMD", "ZVS_OUT", "", "R", 31.75, 34.02, 0, 180],
		[97, "T1_1", 1653.98, -6433.98, "T", "DIP", "$1N2002", "", "C", 90.55, 90.55, 55.12, 180],
		[98, "T1_1", 1653.98, -6433.98, "B", "DIP", "$1N2002", "", "C", 90.55, 90.55, 55.12, 180],
		[99, "T1_2", 1653.98, -6237.13, "T", "DIP", "$1N2002", "", "C", 90.55, 90.55, 55.12, 180],
		[100, "T1_2", 1653.98, -6237.13, "B", "DIP", "$1N2002", "", "C", 90.55, 90.55, 55.12, 180],
		[101, "T1_3", 1653.98, -6040.28, "T", "DIP", "T1_3", "", "C", 90.55, 90.55, 55.12, 180],
		[102, "T1_3", 1653.98, -6040.28, "B", "DIP", "T1_3", "", "C", 90.55, 90.55, 55.12, 180],
		[103, "T1_4", 1653.98, -5843.42, "T", "DIP", "$1N2006", "", "C", 90.55, 90.55, 55.12, 180],
		[104, "T1_4", 1653.98, -5843.42, "B", "DIP", "$1N2006", "", "C", 90.55, 90.55, 55.12, 180],
		[105, "T1_5", 1653.98, -5646.58, "T", "DIP", "$1N2006", "", "C", 90.55, 90.55, 55.12, 180],
		[106, "T1_5", 1653.98, -5646.58, "B", "DIP", "$1N2006", "", "C", 90.55, 90.55, 55.12, 180],
		[107, "T1_6", 1653.98, -5449.72, "T", "DIP", "T1_6", "", "C", 90.55, 90.55, 55.12, 180],
		[108, "T1_6", 1653.98, -5449.72, "B", "DIP", "T1_6", "", "C", 90.55, 90.55, 55.12, 180],
		[109, "T1_7", 1653.98, -5252.88, "T", "DIP", "$1N2003", "", "C", 90.55, 90.55, 55.12, 180],
		[110, "T1_7", 1653.98, -5252.88, "B", "DIP", "$1N2003", "", "C", 90.55, 90.55, 55.12, 180],
		[111, "T1_8", 1653.98, -5056.02, "T", "DIP", "$1N2003", "", "C", 90.55, 90.55, 55.12, 180],
		[112, "T1_8", 1653.98, -5056.02, "B", "DIP", "$1N2003", "", "C", 90.55, 90.55, 55.12, 180],
		[113, "T1_9", 276.02, -5056.02, "T", "DIP", "$1N5594", "", "C", 90.55, 90.55, 55.12, 180],
		[114, "T1_9", 276.02, -5056.02, "B", "DIP", "$1N5594", "", "C", 90.55, 90.55, 55.12, 180],
		[115, "T1_10", 276.02, -5252.88, "T", "DIP", "$1N5594", "", "C", 90.55, 90.55, 55.12, 180],
		[116, "T1_10", 276.02, -5252.88, "B", "DIP", "$1N5594", "", "C", 90.55, 90.55, 55.12, 180],
		[117, "T1_11", 276.02, -5449.72, "T", "DIP", "$1N2014", "", "C", 90.55, 90.55, 55.12, 180],
		[118, "T1_11", 276.02, -5449.72, "B", "DIP", "$1N2014", "", "C", 90.55, 90.55, 55.12, 180],
		[119, "T1_12", 276.02, -5646.58, "T", "DIP", "T1_12", "", "C", 90.55, 90.55, 55.12, 180],
		[120, "T1_12", 276.02, -5646.58, "B", "DIP", "T1_12", "", "C", 90.55, 90.55, 55.12, 180],
		[121, "T1_13", 276.03, -5843.42, "T", "DIP", "$1N8658", "", "C", 90.55, 90.55, 55.12, 180],
		[122, "T1_13", 276.03, -5843.42, "B", "DIP", "$1N8658", "", "C", 90.55, 90.55, 55.12, 180],
		[123, "T1_14", 276.03, -6040.28, "T", "DIP", "T1_14", "", "C", 90.55, 90.55, 55.12, 180],
		[124, "T1_14", 276.03, -6040.28, "B", "DIP", "T1_14", "", "C", 90.55, 90.55, 55.12, 180],
		[125, "T1_15", 276.03, -6237.13, "T", "DIP", "T1_15", "", "C", 90.55, 90.55, 55.12, 180],
		[126, "T1_15", 276.03, -6237.13, "B", "DIP", "T1_15", "", "C", 90.55, 90.55, 55.12, 180],
		[127, "T1_16", 276.03, -6433.98, "T", "DIP", "T1_16", "", "C", 90.55, 90.55, 55.12, 180],
		[128, "T1_16", 276.03, -6433.98, "B", "DIP", "T1_16", "", "C", 90.55, 90.55, 55.12, 180],
		[129, "U2_1", 703.15, -4705, "T", "SMD", "$1N2022", "", "R", 59.05, 118.11, 0, 90],
		[130, "U2_2", 703.15, -4805, "T", "SMD", "GND", "GND", "R", 59.05, 118.11, 0, 90],
		[131, "U2_3", 1096.85, -4805, "T", "SMD", "$1N2019", "", "R", 59.05, 118.11, 0, 90],
		[132, "U2_4", 1096.85, -4705, "T", "SMD", "12V", "", "R", 59.05, 118.11, 0, 90],
		[133, "U3_1", 2674.33, -5900, "T", "DIP", "U3_1", "", "C", 137.79, 137.79, 70.87, 180],
		[134, "U3_1", 2674.33, -5900, "B", "DIP", "U3_1", "", "C", 137.79, 137.79, 70.87, 180],
		[135, "U3_2", 1965.67, -5900, "T", "DIP", "U3_2", "", "C", 137.79, 137.79, 70.87, 180],
		[136, "U3_2", 1965.67, -5900, "B", "DIP", "U3_2", "", "C", 137.79, 137.79, 70.87, 180],
		[137, "U4_1", 1965.67, -5145, "T", "DIP", "U4_1", "", "C", 137.79, 137.79, 70.87, 0],
		[138, "U4_1", 1965.67, -5145, "B", "DIP", "U4_1", "", "C", 137.79, 137.79, 70.87, 0],
		[139, "U4_2", 2674.33, -5145, "T", "DIP", "U4_2", "", "C", 137.79, 137.79, 70.87, 0],
		[140, "U4_2", 2674.33, -5145, "B", "DIP", "U4_2", "", "C", 137.79, 137.79, 70.87, 0],
		[141, "U6_1", -121.5, -6485, "T", "SMD", "$1N5546", "", "O", 22.38, 76.78, 0, 270],
		[142, "U6_2", -121.5, -6535, "T", "SMD", "$1N6394", "", "O", 22.38, 76.78, 0, 270],
		[143, "U6_3", -121.5, -6585, "T", "SMD", "$1N7525", "", "O", 22.38, 76.78, 0, 270],
		[144, "U6_4", -121.5, -6635, "T", "SMD", "12V", "", "O", 22.38, 76.78, 0, 270],
		[145, "U6_5", 91.5, -6635, "T", "SMD", "U6_5", "", "O", 22.38, 76.78, 0, 270],
		[146, "U6_6", 91.5, -6585, "T", "SMD", "U6_6", "", "O", 22.38, 76.78, 0, 270],
		[147, "U6_7", 91.5, -6535, "T", "SMD", "U6_7", "", "O", 22.38, 76.78, 0, 270],
		[148, "U6_8", 91.5, -6485, "T", "SMD", "$1N6234", "", "O", 22.38, 76.78, 0, 270],
		[149, "U7_1", -430, -6475, "T", "DIP", "$1N2014", "", "C", 78.74, 78.74, 51.18, 180],
		[150, "U7_1", -430, -6475, "B", "DIP", "$1N2014", "", "C", 78.74, 78.74, 51.18, 180],
		[151, "U7_2", -330, -6475, "T", "DIP", "$1N5608", "", "C", 78.74, 78.74, 51.18, 180],
		[152, "U7_2", -330, -6475, "B", "DIP", "$1N5608", "", "C", 78.74, 78.74, 51.18, 180],
		[153, "U7_3", -230, -6475, "T", "DIP", "$1N8658", "", "C", 78.74, 78.74, 51.18, 180],
		[154, "U7_3", -230, -6475, "B", "DIP", "$1N8658", "", "C", 78.74, 78.74, 51.18, 180]
	]
}
}