{
"lengthUnit": "mil",
"components": {
	"fields": ["COMPONENT_NO", "COMPONENT_NAME", "LAYER", "X_COORDINATE", "Y_COORDINATE", "ANGLE"],
	"rows": [
		[1, "CN1", "T", 190, -4650, 0],
		[2, "D2", "T", 1865, -4505, 0],
		[3, "D3", "T", 2070, -4505, 180],
		[4, "D4", "T", -450, -4985, 270],
		[5, "D5", "T", 1650, -4545, 270],
		[6, "FAN", "T", 2860, -4515, 180],
		[7, "L1", "T", 2035, -5680, 90],
		[8, "LED1", "T", 2440, -4560, 270],
		[9, "Q1", "T", 2095, -6455, 0],
		[10, "Q2", "T", 2095, -4800, 180],
		[11, "Q3", "T", 1435, -4660, 270],
		[12, "R1", "T", 1870, -4645, 0],
		[13, "R2", "T", 2075, -4645, 180],
		[14, "R4", "T", 2255, -4505, 180],
		[15, "R6", "T", -365, -6310, 90],
		[16, "R8", "T", -365, -5625, 270],
		[17, "R12", "T", 1230, -4805, 0],
		[18, "R13", "T", 1235, -4695, 180],
		[19, "R14", "T", 695, -4595, 0],
		[20, "T1", "T", 640, -5755, 90],
		[21, "U2", "T", 900, -4755, 270],
		[22, "U3", "T", 2095, -6240, 0],
		[23, "U4", "T", 2095, -5015, 180]
	]
},
"pins": {
	"fields": ["PIN_NO", "PIN_NAME", "PIN_X", "PIN_Y", "LAYER", "PIN_TYPE", "NET_NAME", "NET_TYPE", "PAD_SHAPE", "PAD_SIZEX", "PAD_SIZEY", "HOLE_SIZE", "PAD_ANGLE"],
	"rows": [
		[1, "CN1_1", 490, -4650, "T", "DIP", "12V", "", "R", 94.49, 94.49, 62.01, 180],
		[2, "CN1_1", 490, -4650, "B", "DIP", "12V", "", "R", 94.49, 94.49, 62.01, 180],
		[3, "CN1_2", 290, -4650, "T", "DIP", "ZVS_CTRL", "", "C", 94.49, 94.49, 62.01, 180],
		[4, "CN1_2", 290, -4650, "B", "DIP", "ZVS_CTRL", "", "C", 94.49, 94.49, 62.01, 180],
		[5, "CN1_3", 90, -4650, "T", "DIP", "ZVS_OUT", "", "C", 94.49, 94.49, 62.01, 180],
		[6, "CN1_3", 90, -4650, "B", "DIP", "ZVS_OUT", "", "C", 94.49, 94.49, 62.01, 180],
		[7, "CN1_4", -110, -4650, "T", "DIP", "GND", "GND", "C", 94.49, 94.49, 62.01, 180],
		[8, "CN1_4", -110, -4650, "B", "DIP", "GND", "GND", "C", 94.49, 94.49, 62.01, 180],
		[9, "D2_1", 1796.69, -4505, "T", "SMD", "$1N2002", "", "R", 55.12, 47.24, 0, 0],
		[10, "D2_2", 1933.31, -4505, "T", "SMD", "$1N2004", "", "R", 55.12, 47.24, 0, 0],
		[11, "D3_1", 2138.31, -4505, "T", "SMD", "$1N2003", "", "R", 55.12, 47.24, 0, 180],
		[12, "D3_2", 2001.69, -4505, "T", "SMD", "$1N2005", "", "R", 55.12, 47.24, 0, 180],
		[13, "D4_1", -349.61, -4799.97, "T", "SMD", "ZVS_OUT", "", "R", 51.18, 96.46, 0, 180],
		[14, "D4_2", -550.39, -4799.97, "T", "SMD", "GND", "GND", "R", 51.18, 96.46, 0, 180],
		[15, "D4_3", -550.39, -5170.03, "T", "SMD", "$1N3648", "", "R", 51.18, 96.46, 0, 180],
		[16, "D4_4", -349.61, -5170.03, "T", "SMD", "$1N2058", "", "R", 51.18, 96.46, 0, 180],
		[17, "D5_1", 1650, -4481.61, "T", "SMD", "ZVS_GND", "", "R", 34.65, 37.8, 0, 90],
		[18, "D5_2", 1650, -4608.39, "T", "SMD", "12V", "", "R", 34.65, 37.8, 0, 90],
		[19, "FAN_1", 2909.21, -4515, "T", "DIP", "ZVS_GND", "", "R", 70.87, 70.87, 43.31, 180],
		[20, "FAN_1", 2909.21, -4515, "B", "DIP", "ZVS_GND", "", "R", 70.87, 70.87, 43.31, 180],
		[21, "FAN_2", 2810.79, -4515, "T", "DIP", "12V", "", "C", 70.87, 70.87, 43.31, 180],
		[22, "FAN_2", 2810.79, -4515, "B", "DIP", "12V", "", "C", 70.87, 70.87, 43.31, 180],
		[23, "L1_1", 2035, -5876.85, "T", "DIP", "12V", "", "C", 70.87, 70.87, 43.31, 90],
		[24, "L1_1", 2035, -5876.85, "B", "DIP", "12V", "", "C", 70.87, 70.87, 43.31, 90],
		[25, "L1_2", 2035, -5483.15, "T", "DIP", "$1N2006", "", "C", 70.87, 70.87, 43.31, 90],
		[26, "L1_2", 2035, -5483.15, "B", "DIP", "$1N2006", "", "C", 70.87, 70.87, 43.31, 90],
		[27, "LED1_1", 2440, -4510, "T", "DIP", "$1N2007", "", "C", 60, 60, 36, 270],
		[28, "LED1_1", 2440, -4510, "B", "DIP", "$1N2007", "", "C", 60, 60, 36, 270],
		[29, "LED1_2", 2440, -4610, "T", "DIP", "ZVS_GND", "", "C", 60, 60, 36, 270],
		[30, "LED1_2", 2440, -4610, "B", "DIP", "ZVS_GND", "", "C", 60, 60, 36, 270],
		[31, "Q1_1", 1880.43, -6455, "T", "DIP", "$1N2005", "", "R", 114.17, 114.17, 70.28, 0],
		[32, "Q1_1", 1880.43, -6455, "B", "DIP", "$1N2005", "", "R", 114.17, 114.17, 70.28, 0],
		[33, "Q1_2", 2095.01, -6455, "T", "DIP", "$1N2002", "", "C", 114.17, 114.17, 66.93, 0],
		[34, "Q1_2", 2095.01, -6455, "B", "DIP", "$1N2002", "", "C", 114.17, 114.17, 66.93, 0],
		[35, "Q1_3", 2309.57, -6455, "T", "DIP", "ZVS_GND", "", "C", 114.17, 114.17, 66.93, 0],
		[36, "Q1_3", 2309.57, -6455, "B", "DIP", "ZVS_GND", "", "C", 114.17, 114.17, 66.93, 0],
		[37, "Q2_1", 2309.57, -4800, "T", "DIP", "$1N2004", "", "R", 114.17, 114.17, 70.28, 180],
		[38, "Q2_1", 2309.57, -4800, "B", "DIP", "$1N2004", "", "R", 114.17, 114.17, 70.28, 180],
		[39, "Q2_2", 2095, -4800, "T", "DIP", "$1N2003", "", "C", 114.17, 114.17, 66.93, 180],
		[40, "Q2_2", 2095, -4800, "B", "DIP", "$1N2003", "", "C", 114.17, 114.17, 66.93, 180],
		[41, "Q2_3", 1880.43, -4800, "T", "DIP", "ZVS_GND", "", "C", 114.17, 114.17, 66.93, 180],
		[42, "Q2_3", 1880.43, -4800, "B", "DIP", "ZVS_GND", "", "C", 114.17, 114.17, 66.93, 180],
		[43, "Q3_1", 1344.84, -4794.79, "T", "SMD", "$1N2020", "", "R", 94.84, 38.53, 0, 270],
		[44, "Q3_2", 1435, -4525.21, "T", "SMD", "ZVS_GND", "", "R", 224.84, 218.44, 0, 270],
		[45, "Q3_3", 1525.16, -4794.78, "T", "SMD", "GND", "GND", "R", 94.84, 38.53, 0, 270],
		[46, "R1_1", 1811.78, -4645, "T", "SMD", "12V", "", "R", 47.54, 66.97, 0, 0],
		[47, "R1_2", 1928.22, -4645, "T", "SMD", "$1N2004", "", "R", 47.54, 66.97, 0, 0],
		[48, "R2_1", 2133.22, -4645, "T", "SMD", "12V", "", "R", 47.54, 66.97, 0, 180],
		[49, "R2_2", 2016.78, -4645, "T", "SMD", "$1N2005", "", "R", 47.54, 66.97, 0, 180],
		[50, "R4_1", 2294.37, -4505, "T", "SMD", "$1N2007", "", "R", 44.59, 54.21, 0, 180],
		[51, "R4_2", 2215.63, -4505, "T", "SMD", "12V", "", "R", 44.59, 54.21, 0, 180],
		[52, "R6_1", -365, -6619.05, "T", "DIP", "$1N2012", "", "R", 41.34, 41.34, 27.56, 90],
		[53, "R6_1", -365, -6619.05, "B", "DIP", "$1N2012", "", "R", 41.34, 41.34, 27.56, 90],
		[54, "R6_2", -365, -6000.95, "T", "DIP", "$1N3648", "", "R", 41.34, 41.34, 27.56, 270],
		[55, "R6_2", -365, -6000.95, "B", "DIP", "$1N3648", "", "R", 41.34, 41.34, 27.56, 270],
		[56, "R8_1", -365, -5315.95, "T", "DIP", "$1N2014", "", "R", 41.34, 41.34, 27.56, 270],
		[57, "R8_1", -365, -5315.95, "B", "DIP", "$1N2014", "", "R", 41.34, 41.34, 27.56, 270],
		[58, "R8_2", -365, -5934.05, "T", "DIP", "$1N3648", "", "R", 41.34, 41.34, 27.56, 90],
		[59, "R8_2", -365, -5934.05, "B", "DIP", "$1N3648", "", "R", 41.34, 41.34, 27.56, 90],
		[60, "R12_1", 1200.34, -4805, "T", "SMD", "$1N2019", "", "R", 31.75, 34.02, 0, 0],
		[61, "R12_2", 1259.66, -4805, "T", "SMD", "$1N2020", "", "R", 31.75, 34.02, 0, 0],
		[62, "R13_1", 1264.66, -4695, "T", "SMD", "GND", "GND", "R", 31.75, 34.02, 0, 180],
		[63, "R13_2", 1205.34, -4695, "T", "SMD", "$1N2020", "", "R", 31.75, 34.02, 0, 180],
		[64, "R14_1", 665.34, -4595, "T", "SMD", "ZVS_CTRL", "", "R", 31.75, 34.02, 0, 0],
		[65, "R14_2", 724.66, -4595, "T", "SMD", "$1N2022", "", "R", 31.75, 34.02, 0, 0],
		[66, "T1_1", 1328.98, -6443.98, "T", "DIP", "$1N2002", "", "C", 90.55, 90.55, 55.12, 180],
		[67, "T1_1", 1328.98, -6443.98, "B", "DIP", "$1N2002", "", "C", 90.55, 90.55, 55.12, 180],
		[68, "T1_2", 1328.98, -6247.13, "T", "DIP", "$1N2002", "", "C", 90.55, 90.55, 55.12, 180],
		[69, "T1_2", 1328.98, -6247.13, "B", "DIP", "$1N2002", "", "C", 90.55, 90.55, 55.12, 180],
		[70, "T1_3", 1328.98, -6050.28, "T", "DIP", "T1_3", "", "C", 90.55, 90.55, 55.12, 180],
		[71, "T1_3", 1328.98, -6050.28, "B", "DIP", "T1_3", "", "C", 90.55, 90.55, 55.12, 180],
		[72, "T1_4", 1328.98, -5853.42, "T", "DIP", "$1N2006", "", "C", 90.55, 90.55, 55.12, 180],
		[73, "T1_4", 1328.98, -5853.42, "B", "DIP", "$1N2006", "", "C", 90.55, 90.55, 55.12, 180],
		[74, "T1_5", 1328.98, -5656.58, "T", "DIP", "$1N2006", "", "C", 90.55, 90.55, 55.12, 180],
		[75, "T1_5", 1328.98, -5656.58, "B", "DIP", "$1N2006", "", "C", 90.55, 90.55, 55.12, 180],
		[76, "T1_6", 1328.98, -5459.73, "T", "DIP", "T1_6", "", "C", 90.55, 90.55, 55.12, 180],
		[77, "T1_6", 1328.98, -5459.73, "B", "DIP", "T1_6", "", "C", 90.55, 90.55, 55.12, 180],
		[78, "T1_7", 1328.98, -5262.88, "T", "DIP", "$1N2003", "", "C", 90.55, 90.55, 55.12, 180],
		[79, "T1_7", 1328.98, -5262.88, "B", "DIP", "$1N2003", "", "C", 90.55, 90.55, 55.12, 180],
		[80, "T1_8", 1328.98, -5066.02, "T", "DIP", "$1N2003", "", "C", 90.55, 90.55, 55.12, 180],
		[81, "T1_8", 1328.98, -5066.02, "B", "DIP", "$1N2003", "", "C", 90.55, 90.55, 55.12, 180],
		[82, "T1_9", -48.98, -5066.02, "T", "DIP", "$1N2058", "", "C", 90.55, 90.55, 55.12, 180],
		[83, "T1_9", -48.98, -5066.02, "B", "DIP", "$1N2058", "", "C", 90.55, 90.55, 55.12, 180],
		[84, "T1_10", -48.98, -5262.88, "T", "DIP", "$1N2058", "", "C", 90.55, 90.55, 55.12, 180],
		[85, "T1_10", -48.98, -5262.88, "B", "DIP", "$1N2058", "", "C", 90.55, 90.55, 55.12, 180],
		[86, "T1_11", -48.98, -5459.73, "T", "DIP", "$1N2014", "", "C", 90.55, 90.55, 55.12, 180],
		[87, "T1_11", -48.98, -5459.73, "B", "DIP", "$1N2014", "", "C", 90.55, 90.55, 55.12, 180],
		[88, "T1_12", -48.98, -5656.58, "T", "DIP", "T1_12", "", "C", 90.55, 90.55, 55.12, 180],
		[89, "T1_12", -48.98, -5656.58, "B", "DIP", "T1_12", "", "C", 90.55, 90.55, 55.12, 180],
		[90, "T1_13", -48.98, -5853.42, "T", "DIP", "$1N2012", "", "C", 90.55, 90.55, 55.12, 180],
		[91, "T1_13", -48.98, -5853.42, "B", "DIP", "$1N2012", "", "C", 90.55, 90.55, 55.12, 180],
		[92, "T1_14", -48.98, -6050.28, "T", "DIP", "T1_14", "", "C", 90.55, 90.55, 55.12, 180],
		[93, "T1_14", -48.98, -6050.28, "B", "DIP", "T1_14", "", "C", 90.55, 90.55, 55.12, 180],
		[94, "T1_15", -48.98, -6247.13, "T", "DIP", "T1_15", "", "C", 90.55, 90.55, 55.12, 180],
		[95, "T1_15", -48.98, -6247.13, "B", "DIP", "T1_15", "", "C", 90.55, 90.55, 55.12, 180],
		[96, "T1_16", -48.98, -6443.98, "T", "DIP", "T1_16", "", "C", 90.55, 90.55, 55.12, 180],
		[97, "T1_16", -48.98, -6443.98, "B", "DIP", "T1_16", "", "C", 90.55, 90.55, 55.12, 180],
		[98, "U2_1", 703.15, -4705, "T", "SMD", "$1N2022", "", "R", 59.05, 118.11, 0, 90],
		[99, "U2_2", 703.15, -4805, "T", "SMD", "GND", "GND", "R", 59.05, 118.11, 0, 90],
		[100, "U2_3", 1096.85, -4805, "T", "SMD", "$1N2019", "", "R", 59.05, 118.11, 0, 90],
		[101, "U2_4", 1096.85, -4705, "T", "SMD", "12V", "", "R", 59.05, 118.11, 0, 90],
		[102, "U3_1", 1740.67, -6240, "T", "DIP", "GND", "GND", "C", 137.79, 137.79, 70.87, 0],
		[103, "U3_1", 1740.67, -6240, "B", "DIP", "GND", "GND", "C", 137.79, 137.79, 70.87, 0],
		[104, "U3_2", 2449.33, -6240, "T", "DIP", "GND", "GND", "C", 137.79, 137.79, 70.87, 0],
		[105, "U3_2", 2449.33, -6240, "B", "DIP", "GND", "GND", "C", 137.79, 137.79, 70.87, 0],
		[106, "U4_1", 2449.33, -5015, "T", "DIP", "GND", "GND", "C", 137.79, 137.79, 70.87, 180],
		[107, "U4_1", 2449.33, -5015, "B", "DIP", "GND", "GND", "C", 137.79, 137.79, 70.87, 180],
		[108, "U4_2", 1740.67, -5015, "T", "DIP", "GND", "GND", "C", 137.79, 137.79, 70.87, 180],
		[109, "U4_2", 1740.67, -5015, "B", "DIP", "GND", "GND", "C", 137.79, 137.79, 70.87, 180]
	]
}
}